{"cameraMode":{"drawMode":0,"name":"Shaded","section":"Shading Mode"},"sceneLighting":false,"audioPlay":false,"sceneViewState":{"showFog":true,"showMaterialUpdate":false,"showSkybox":false,"showFlares":true,"showImageEffects":true,"showParticleSystems":true,"showVisualEffectGraphs":true,"m_FxEnabled":true},"in2DMode":false,"pivot":{"x":4.993274211883545,"y":1.2412608861923218,"z":3.1015114784240724},"rotation":{"x":0.04993738606572151,"y":0.07810816913843155,"z":0.0038883103989064695,"w":-0.9957336187362671},"size":1.2085425853729249,"orthographic":false}