{"cameraMode":{"drawMode":0,"name":"Shaded","section":"Shading Mode"},"sceneLighting":false,"audioPlay":false,"sceneViewState":{"showFog":true,"showMaterialUpdate":false,"showSkybox":false,"showFlares":true,"showImageEffects":true,"showParticleSystems":true,"showVisualEffectGraphs":true,"m_FxEnabled":true},"in2DMode":false,"pivot":{"x":-3.0901083946228029,"y":1.2995097637176514,"z":0.42556172609329226},"rotation":{"x":-0.056306373327970508,"y":0.6833083033561707,"z":-0.052990544587373736,"w":-0.7260298728942871},"size":2.256645679473877,"orthographic":false}