{"cameraMode":{"drawMode":0,"name":"Shaded","section":"Shading Mode"},"sceneLighting":true,"audioPlay":false,"sceneViewState":{"showFog":true,"showMaterialUpdate":false,"showSkybox":false,"showFlares":true,"showImageEffects":true,"showParticleSystems":true,"showVisualEffectGraphs":true,"m_FxEnabled":true},"in2DMode":false,"pivot":{"x":1.8864598274230958,"y":0.2868828773498535,"z":1.450000286102295},"rotation":{"x":0.24168254435062409,"y":-0.3037448525428772,"z":0.07995612174272537,"w":0.9181161522865295},"size":1.4148437976837159,"orthographic":false}