{"cameraMode":{"drawMode":0,"name":"Shaded","section":"Shading Mode"},"sceneLighting":true,"audioPlay":false,"sceneViewState":{"showFog":true,"showMaterialUpdate":false,"showSkybox":true,"showFlares":true,"showImageEffects":true,"showParticleSystems":true},"in2DMode":false,"pivot":{"x":47.028770446777347,"y":-134.71383666992188,"z":-64.16104888916016},"rotation":{"x":-0.010227236896753312,"y":0.9140610098838806,"z":-0.40490975975990298,"w":-0.023036761209368707},"size":340.8580627441406,"orthographic":false}